{
"user": [
{
"MovieID": 1,
"MovieName": "Naalaiya Theerpu",
"Year": 1992,
"Role": "Vijay",
"Director": "S. A. Chandrasekhar",
"Smallimg": "https://mrlsiva.s3.ap-south-1.amazonaws.com/Vijay/small/1.jpg",
"Bigimg": "https://mrlsiva.s3.ap-south-1.amazonaws.com/Vijay/big/1.jpg",
"Trailer": "https://www.youtube.com/watch?v=2AnaCDISHPs",
"Producer": "Shoba Chandrasekhar",
"Music": "Manimekalai",
"Releasedate": "1992-12-03T18:30:00.000Z",
"Runningtime": "140 mins",
"Language": "Tamil",
"Cast": "Vijay | Keerthana | Srividya | Radharavi | Vinu Chakravarthy | Sarath Babu",
"Tamil_Lyrics_1": ""
},
{
"MovieID": 2,
"MovieName": "Sendhoorapandi",
"Year": 1993,
"Role": "Vijay",
"Director": "S. A. Chandrasekhar",
"Smallimg": "https://mrlsiva.s3.ap-south-1.amazonaws.com/Vijay/small/2.jpg",
"Bigimg": "https://mrlsiva.s3.ap-south-1.amazonaws.com/Vijay/big/2.jpg",
"Trailer": "https://www.youtube.com/watch?v=zzakohMyel4",
"Producer": "Deva",
"Music": "Deva",
"Releasedate": "1993-12-23T18:30:00.000Z",
"Runningtime": "138 mins",
"Language": "Tamil",
"Cast": "Vijay | Vijayakanth | Gouthami | Yuvarani | Manorama",
"Tamil_Lyrics_1": ""
},
{
"MovieID": 3,
"MovieName": "Rasigan",
"Year": 1994,
"Role": "Vijay",
"Director": "S. A. Chandrasekhar",
"Smallimg": "https://mrlsiva.s3.ap-south-1.amazonaws.com/Vijay/small/3.jpg",
"Bigimg": "https://mrlsiva.s3.ap-south-1.amazonaws.com/Vijay/big/3.jpg",
"Trailer": "",
"Producer": "B. Vimal",
"Music": "Deva",
"Releasedate": "1994-07-07T18:30:00.000Z",
"Runningtime": "140 mins",
"Language": "Tamil",
"Cast": "Vijay | Sanghavi | Srividya | Vijayakumar",
"Tamil_Lyrics_1": ""
},
{
"MovieID": 4,
"MovieName": "Deva",
"Year": 1995,
"Role": "Deva",
"Director": "S. A. Chandrasekhar",
"Smallimg": "https://mrlsiva.s3.ap-south-1.amazonaws.com/Vijay/small/4.jpg",
"Bigimg": "https://mrlsiva.s3.ap-south-1.amazonaws.com/Vijay/big/4.jpg",
"Trailer": "",
"Producer": "B. Vimal",
"Music": "Deva",
"Releasedate": "1995-02-16T18:30:00.000Z",
"Runningtime": "140 mins",
"Language": "Tamil",
"Cast": "Vijay | Sivakumar | Swathi | Manorama | Mansoor Ali Khan | Manivannan | Vinu Chakravarthy",
"Tamil_Lyrics_1": ""
},
{
"MovieID": 5,
"MovieName": "Rajavin Parvaiyile",
"Year": 1995,
"Role": "Raja",
"Director": "Janaki Soundar",
"Smallimg": "https://mrlsiva.s3.ap-south-1.amazonaws.com/Vijay/small/5.jpg",
"Bigimg": "https://mrlsiva.s3.ap-south-1.amazonaws.com/Vijay/big/5.jpg",
"Trailer": "",
"Producer": "S. Soundara Pandian",
"Music": "Ilaiya Raja",
"Releasedate": "1995-08-04T18:30:00.000Z",
"Runningtime": "135 mins",
"Language": "Tamil",
"Cast": "Vijay | Indraja | Ajith Kumar | Janagaraj | Vadivelu | Vadivukkarasi | Sathyapriya | Gayathri",
"Tamil_Lyrics_1": ""
},
{
"MovieID": 6,
"MovieName": "Vishnu",
"Year": 1995,
"Role": "Vishnu | Krishna",
"Director": "S. A. Chandrasekhar",
"Smallimg": "https://mrlsiva.s3.ap-south-1.amazonaws.com/Vijay/small/6.jpg",
"Bigimg": "https://mrlsiva.s3.ap-south-1.amazonaws.com/Vijay/big/6.jpg",
"Trailer": "",
"Producer": "M. Bhaskar | B. Balaji Prabhu",
"Music": "Deva",
"Releasedate": "1995-08-16T18:30:00.000Z",
"Runningtime": "150 mins",
"Language": "Tamil",
"Cast": "Vijay | Sanghavi | Jaishankar",
"Tamil_Lyrics_1": ""
},
{
"MovieID": 7,
"MovieName": "Chandralekha",
"Year": 1995,
"Role": "Rahim",
"Director": "Nambirajan",
"Smallimg": "https://mrlsiva.s3.ap-south-1.amazonaws.com/Vijay/small/7.jpg",
"Bigimg": "https://mrlsiva.s3.ap-south-1.amazonaws.com/Vijay/big/7.jpg",
"Trailer": "",
"Producer": "N. Sreedevi",
"Music": "Ilaiya Raja",
"Releasedate": "1995-10-22T18:30:00.000Z",
"Runningtime": "136 mins",
"Language": "Tamil",
"Cast": "Vijay | Vanitha Vijayakumar | Sindhu |Jaishankar | Sarath Babu | Ponnambalam | Senthil |Vadivelu | Karan",
"Tamil_Lyrics_1": ""
},
{
"MovieID": 8,
"MovieName": "Coimbatore Mappillai",
"Year": 1996,
"Role": "Balu",
"Director": "C. Ranganathan",
"Smallimg": "https://mrlsiva.s3.ap-south-1.amazonaws.com/Vijay/small/8.jpg",
"Bigimg": "https://mrlsiva.s3.ap-south-1.amazonaws.com/Vijay/big/8.jpg",
"Trailer": "",
"Producer": "M. S. V. Murali",
"Music": "Vidyasagar",
"Releasedate": "1996-01-14T18:30:00.000Z",
"Runningtime": "135 mins",
"Language": "Tamil",
"Cast": "Vijay | Sanghavi",
"Tamil_Lyrics_1": ""
},
{
"MovieID": 9,
"MovieName": "Poove Unakkaga",
"Year": 1996,
"Role": "Raja",
"Director": "Vikraman",
"Smallimg": "https://mrlsiva.s3.ap-south-1.amazonaws.com/Vijay/small/9.jpg",
"Bigimg": "https://mrlsiva.s3.ap-south-1.amazonaws.com/Vijay/big/9.jpg",
"Trailer": "",
"Producer": "R. B. Choudary",
"Music": "S. A. Rajkumar",
"Releasedate": "1996-02-14T18:30:00.000Z",
"Runningtime": "150 mins",
"Language": "Tamil",
"Cast": "Vijay | Sangita | Anju Aravind | Charle | M.N. Nambiar | Nagesh",
"Tamil_Lyrics_1": ""
},
{
"MovieID": 10,
"MovieName": "Vasantha Vaasal",
"Year": 1996,
"Role": "Vijay",
"Director": "M. R.",
"Smallimg": "https://mrlsiva.s3.ap-south-1.amazonaws.com/Vijay/small/10.jpg",
"Bigimg": "https://mrlsiva.s3.ap-south-1.amazonaws.com/Vijay/big/10.jpg",
"Trailer": "",
"Producer": "M. R",
"Music": "Masa (Songs) | Dhina (Background Score)",
"Releasedate": "1996-03-21T18:30:00.000Z",
"Runningtime": "135 mins",
"Language": "Tamil",
"Cast": "Vijay | Swathi | Mansoor Ali Khan | Vadivelu | Kovai Sarala",
"Tamil_Lyrics_1": ""
},
{
"MovieID": 11,
"MovieName": "Maanbumigu Maanavan",
"Year": 1996,
"Role": "Sivaraj",
"Director": "S. A. Chandrasekhar",
"Smallimg": "https://mrlsiva.s3.ap-south-1.amazonaws.com/Vijay/small/11.jpg",
"Bigimg": "https://mrlsiva.s3.ap-south-1.amazonaws.com/Vijay/big/11.jpg",
"Trailer": "",
"Producer": "Manicam Narayanan",
"Music": "Deva",
"Releasedate": "1996-04-11T18:30:00.000Z",
"Runningtime": "150 mins",
"Language": "Tamil",
"Cast": "Vijay | Swapna Bedi | Mansoor Ali Khan | Manivannan | Vijayakumar |Jai Ganesh | Chinni Jayanth",
"Tamil_Lyrics_1": ""
},
{
"MovieID": 12,
"MovieName": "Selva",
"Year": 1996,
"Role": "Selvan",
"Director": "A. Venkatesh",
"Smallimg": "https://mrlsiva.s3.ap-south-1.amazonaws.com/Vijay/small/12.jpg",
"Bigimg": "https://mrlsiva.s3.ap-south-1.amazonaws.com/Vijay/big/12.jpg",
"Trailer": "",
"Producer": "\tPavithran",
"Music": "Sirpy",
"Releasedate": "1996-12-11T18:30:00.000Z",
"Runningtime": "120 mins",
"Language": "Tamil",
"Cast": "Vijay | Swathi | Raghuvaran | Reeva | Rajan P. Dev | Manivannan | Prathapachandran | Senthil | Jayachitra | C. R. Saraswathi",
"Tamil_Lyrics_1": ""
},
{
"MovieID": 13,
"MovieName": "Kaalamellam Kaathiruppen",
"Year": 1997,
"Role": "Kannan",
"Director": "R. Sundarrajan",
"Smallimg": "https://mrlsiva.s3.ap-south-1.amazonaws.com/Vijay/small/13.jpg",
"Bigimg": "https://mrlsiva.s3.ap-south-1.amazonaws.com/Vijay/big/13.jpg",
"Trailer": "",
"Producer": "M. G. Sekar| S. Santhanam",
"Music": "Deva",
"Releasedate": "1997-01-13T18:30:00.000Z",
"Runningtime": "135 mins",
"Language": "Tamil",
"Cast": "Vijay | Dimple | Jaishankar | Karan | Sri Vidhya | R. Sundarrajan | Manivannan | Charle |Delhi Ganesh",
"Tamil_Lyrics_1": ""
},
{
"MovieID": 14,
"MovieName": "Love Today",
"Year": 1997,
"Role": "Ganesh",
"Director": "Balasekaran",
"Smallimg": "https://mrlsiva.s3.ap-south-1.amazonaws.com/Vijay/small/14.jpg",
"Bigimg": "https://mrlsiva.s3.ap-south-1.amazonaws.com/Vijay/big/14.jpg",
"Trailer": "",
"Producer": "R. B. Choudary",
"Music": "Shiva",
"Releasedate": "1997-05-08T18:30:00.000Z",
"Runningtime": "151 mins",
"Language": "Tamil",
"Cast": "Vijay | Suvalakshmi | Manthra",
"Tamil_Lyrics_1": ""
},
{
"MovieID": 15,
"MovieName": "Once More",
"Year": 1997,
"Role": "Vijay",
"Director": "S. A. Chandrasekhar",
"Smallimg": "https://mrlsiva.s3.ap-south-1.amazonaws.com/Vijay/small/15.jpg",
"Bigimg": "https://mrlsiva.s3.ap-south-1.amazonaws.com/Vijay/big/15.jpg",
"Trailer": "",
"Producer": "C. V. Rajendran",
"Music": "Deva",
"Releasedate": "1997-07-03T18:30:00.000Z",
"Runningtime": "160 mins",
"Language": "Tamil",
"Cast": "Sivaji Ganesan | Vijay | Simran | Saroja Devi",
"Tamil_Lyrics_1": ""
},
{
"MovieID": 16,

"MovieName": "Nerrukku Ner",
"Year": 1997,
"Role": "Vijay",
"Director": "Vasanth",
"Smallimg": "https://mrlsiva.s3.ap-south-1.amazonaws.com/Vijay/small/16.jpg",
"Bigimg": "https://mrlsiva.s3.ap-south-1.amazonaws.com/Vijay/big/16.jpg",
"Trailer": "",
"Producer": "Mani Ratnam",
"Music": "Deva",
"Releasedate": "1997-09-05T18:30:00.000Z",
"Runningtime": "151 mins",
"Language": "Tamil",
"Cast": "Vijay | Suriya | Simran | Kausalya",
"Tamil_Lyrics_1": ""
},
{
"MovieID": 17,
"MovieName": "Kadhalukku Mariyadhai",
"Year": 1997,
"Role": "Jeeva",
"Director": "Fazil",
"Smallimg": "https://mrlsiva.s3.ap-south-1.amazonaws.com/Vijay/small/17.jpg",
"Bigimg": "https://mrlsiva.s3.ap-south-1.amazonaws.com/Vijay/big/17.jpg",
"Trailer": "",
"Producer": "Sangili Murugan",
"Music": "Ilayaraja",
"Releasedate": "1997-12-18T18:30:00.000Z",
"Runningtime": "165 mins",
"Language": "Tamil",
"Cast": "Vijay | Shalini",
"Tamil_Lyrics_1": ""
},
{
"MovieID": 18,
"MovieName": "Ninaithen Vandhai",
"Year": 1998,
"Role": "Gokulakrishnan",
"Director": "K. Selva Bharathy",
"Smallimg": "https://mrlsiva.s3.ap-south-1.amazonaws.com/Vijay/small/18.jpg",
"Bigimg": "https://mrlsiva.s3.ap-south-1.amazonaws.com/Vijay/big/18.jpg",
"Trailer": "",
"Producer": "Allu Aravind",
"Music": "Deva",
"Releasedate": "1998-04-09T18:30:00.000Z",
"Runningtime": "150 mins",
"Language": "Tamil",
"Cast": "Vijay | Rambha | Devayani",
"Tamil_Lyrics_1": ""
},
{
"MovieID": 19,
"MovieName": "Priyamudan",
"Year": 1998,
"Role": "Vasanth",
"Director": "Vincent Selva",
"Smallimg": "https://mrlsiva.s3.ap-south-1.amazonaws.com/Vijay/small/19.jpg",
"Bigimg": "https://mrlsiva.s3.ap-south-1.amazonaws.com/Vijay/big/19.jpg",
"Trailer": "",
"Producer": "K. Muralidharan | V. Swaminathan | G. Venugopal",
"Music": "Deva",
"Releasedate": "1998-06-11T18:30:00.000Z",
"Runningtime": "156 mins",
"Language": "Tamil",
"Cast": "Vijay | Kausalya",
"Tamil_Lyrics_1": ""
},
{
"MovieID": 20,
"MovieName": "Nilaave Vaa",
"Year": 1998,
"Role": "Siluvai",
"Director": "A. Venkatesh",
"Smallimg": "https://mrlsiva.s3.ap-south-1.amazonaws.com/Vijay/small/20.jpg",
"Bigimg": "https://mrlsiva.s3.ap-south-1.amazonaws.com/Vijay/big/20.jpg",
"Trailer": "",
"Producer": "Shoba Chandrasekhar | K. T. Kunjumon",
"Music": "Vidyasagar",
"Releasedate": "1998-08-13T18:30:00.000Z",
"Runningtime": "140 mins",
"Language": "Tamil",
"Cast": "Vijay | Suvalakshmi | Sanghavi | Jaiganesh | Vinu Chakravarthy | Raghuvaran | Manivannan | Charle",
"Tamil_Lyrics_1": ""
},
{
"MovieID": 21,
"MovieName": "Thulladha Manamum Thullum",
"Year": 1999,
"Role": "Kutty",
"Director": "Ezhil",
"Smallimg": "https://mrlsiva.s3.ap-south-1.amazonaws.com/Vijay/small/21.jpg",
"Bigimg": "https://mrlsiva.s3.ap-south-1.amazonaws.com/Vijay/big/21.jpg",
"Trailer": "",
"Producer": "R. B. Choudary",
"Music": "S. A. Rajkumar",
"Releasedate": "1999-01-28T18:30:00.000Z",
"Runningtime": "150 mins ",
"Language": "Tamil",
"Cast": "Vijay | Simran | Manivannan | Dhamu",
"Tamil_Lyrics_1": ""
},
{
"MovieID": 22,
"MovieName": "Endrendrum Kadhal",
"Year": 1999,
"Role": "Vijay",
"Director": "Manoj Gyan",
"Smallimg": "https://mrlsiva.s3.ap-south-1.amazonaws.com/Vijay/small/22.jpg",
"Bigimg": "https://mrlsiva.s3.ap-south-1.amazonaws.com/Vijay/big/22.jpg",
"Trailer": "",
"Producer": "K. T. Kunjumon | Manoj Bhatnagar",
"Music": "Manoj Bhatnagar",
"Releasedate": "1999-03-04T18:30:00.000Z",
"Runningtime": "160 mins",
"Language": "Tamil",
"Cast": "Vijay | Rambha | M. N. Nambiar | Bhanupriya | Nizhalgal Ravi | Raghuvaran |Radha Ravi | Dhamu | Charle",
"Tamil_Lyrics_1": ""
},
{
"MovieID": 23,
"MovieName": "Nenjinile",
"Year": 1999,
"Role": "Karunakaran",
"Director": "S. A. Chandrasekhar",
"Smallimg": "https://mrlsiva.s3.ap-south-1.amazonaws.com/Vijay/small/23.jpg",
"Bigimg": "https://mrlsiva.s3.ap-south-1.amazonaws.com/Vijay/big/23.jpg",
"Trailer": "",
"Producer": "S. A. Chandrasekhar",
"Music": "Deva",
"Releasedate": "1999-06-24T18:30:00.000Z",
"Runningtime": "139 mins",
"Language": "Tamil",
"Cast": "Vijay | Isha Koppikar",
"Tamil_Lyrics_1": ""
},
{
"MovieID": 24,
"MovieName": "Minsara Kanna",
"Year": 1999,
"Role": "Kannan | Kasi",
"Director": "K. S. Ravikumar",
"Smallimg": "https://mrlsiva.s3.ap-south-1.amazonaws.com/Vijay/small/24.jpg",
"Bigimg": "https://mrlsiva.s3.ap-south-1.amazonaws.com/Vijay/big/24.jpg",
"Trailer": "",
"Producer": "K. R. Gangadharan",
"Music": "Deva",
"Releasedate": "1999-09-08T18:30:00.000Z",
"Runningtime": "",
"Language": "Tamil",
"Cast": "Vijay | Monica Castelino |Rambha | Kushboo",
"Tamil_Lyrics_1": ""
},
{
"MovieID": 25,
"MovieName": "Kannukkul Nilavu",
"Year": 2000,
"Role": "Gautham",
"Director": "Fazil",
"Smallimg": "https://mrlsiva.s3.ap-south-1.amazonaws.com/Vijay/small/25.jpg",
"Bigimg": "https://mrlsiva.s3.ap-south-1.amazonaws.com/Vijay/big/25.jpg",
"Trailer": "",
"Producer": "Mohan Natarajan",
"Music": "Ilaiyaraaja",
"Releasedate": "2000-01-13T18:30:00.000Z",
"Runningtime": "170 mins",
"Language": "Tamil",
"Cast": "Vijay | Shalini | Kaveri",
"Tamil_Lyrics_1": ""
},
{
"MovieID": 26,
"MovieName": "Kushi",
"Year": 2000,
"Role": "Shiva",
"Director": "S. J. Surya",
"Smallimg": "https://mrlsiva.s3.ap-south-1.amazonaws.com/Vijay/small/26.jpg",
"Bigimg": "https://mrlsiva.s3.ap-south-1.amazonaws.com/Vijay/big/26.jpg",
"Trailer": "",
"Producer": "A. M. Rathnam",
"Music": "Deva",
"Releasedate": "2000-05-18T18:30:00.000Z",
"Runningtime": "170 mins",
"Language": "Tamil",
"Cast": "Vijay | Jothyka",
"Tamil_Lyrics_1": ""
},
{
"MovieID": 27,
"MovieName": "Priyamaanavale",
"Year": 2000,
"Role": "Vijay",
"Director": "K. Selva Bharathy",
"Smallimg": "https://mrlsiva.s3.ap-south-1.amazonaws.com/Vijay/small/27.jpg",
"Bigimg": "https://mrlsiva.s3.ap-south-1.amazonaws.com/Vijay/big/27.jpg",
"Trailer": "",
"Producer": "C. Venkata Raju | G. Sivaraju",
"Music": "S. A. Rajkumar",
"Releasedate": "2000-10-25T18:30:00.000Z",
"Runningtime": "170 mins",
"Language": "Tamil",
"Cast": "Vijay | Simran | Manivannan | Dhamu",
"Tamil_Lyrics_1": ""
},
{
"MovieID": 28,
"MovieName": "Friends",
"Year": 2001,
"Role": "Aravind",
"Director": "Siddique",
"Smallimg": "https://mrlsiva.s3.ap-south-1.amazonaws.com/Vijay/small/28.jpg",
"Bigimg": "https://mrlsiva.s3.ap-south-1.amazonaws.com/Vijay/big/28.jpg",
"Trailer": "",
"Producer": "Appachan",
"Music": "Ilaiyaraaja",
"Releasedate": "2001-01-13T18:30:00.000Z",
"Runningtime": "167 mins",
"Language": "Tamil",
"Cast": "Vijay | Surya | Ramesh Kanna ",
"Tamil_Lyrics_1": ""
},
{
"MovieID": 29,
"MovieName": "Badri",
"Year": 2001,
"Role": "Badri",
"Director": "P. A. Arun Prasad",
"Smallimg": "https://mrlsiva.s3.ap-south-1.amazonaws.com/Vijay/small/29.jpg",
"Bigimg": "https://mrlsiva.s3.ap-south-1.amazonaws.com/Vijay/big/29.jpg",
"Trailer": "",
"Producer": "B. Sivarama Krishna",
"Music": "Ramana Gogula (Soundtrack) | Devi Sri Prasad (Background Score)",
"Releasedate": "2001-04-11T18:30:00.000Z",
"Runningtime": "160 mins",
"Language": "Tamil",
"Cast": "Vijay | Bhumika | Monal | Vivek | Riyaz Khan | Bhupinder Singh",
"Tamil_Lyrics_1": ""
},
{
"MovieID": 30,
"MovieName": "Shahjahan",
"Year": 2001,
"Role": "Ashok",
"Director": "Ravi",
"Smallimg": "https://mrlsiva.s3.ap-south-1.amazonaws.com/Vijay/small/30.jpg",
"Bigimg": "https://mrlsiva.s3.ap-south-1.amazonaws.com/Vijay/big/30.jpg",
"Trailer": "",
"Producer": "R. B. Choudary",
"Music": "Mani Sharma",
"Releasedate": "2001-11-13T18:30:00.000Z",
"Runningtime": "156 mins",
"Language": "Tamil",
"Cast": "Vijay | Richa Pallod | Meena",
"Tamil_Lyrics_1": ""
},
{
"MovieID": 31,
"MovieName": "Thamizhan",
"Year": 2002,
"Role": "Surya",
"Director": "Majith",
"Smallimg": "https://mrlsiva.s3.ap-south-1.amazonaws.com/Vijay/small/31.jpg",
"Bigimg": "https://mrlsiva.s3.ap-south-1.amazonaws.com/Vijay/big/31.jpg",
"Trailer": "https://www.youtube.com/watch?v=ni2vwrB9vuE",
"Producer": "G. Venkateswaran",
"Music": "D. Imman",
"Releasedate": "2002-04-11T18:30:00.000Z",
"Runningtime": "162 mins",
"Language": "Tamil",
"Cast": "Vijay | Priyanka Chopra",
"Tamil_Lyrics_1": ""
},
{
"MovieID": 32,
"MovieName": "Youth",
"Year": 2002,
"Role": "Shiva",
"Director": "Vincent Selva",
"Smallimg": "https://mrlsiva.s3.ap-south-1.amazonaws.com/Vijay/small/32.jpg",
"Bigimg": "https://mrlsiva.s3.ap-south-1.amazonaws.com/Vijay/big/32.jpg",
"Trailer": "",
"Producer": "A. Poornachandra Rao",
"Music": "Mani Sharma",
"Releasedate": "2002-07-18T18:30:00.000Z",
"Runningtime": "170 mins",
"Language": "Tamil",
"Cast": "Vijay | Shaheen Khan | Vivek | Vijayakumar | Manivannan | Yugendran | Sindhu Menon",
"Tamil_Lyrics_1": ""
},
{
"MovieID": 33,
"MovieName": "Bagavathi",
"Year": 2002,
"Role": "Bhagavathi",
"Director": "A. Venkatesh",
"Smallimg": "https://mrlsiva.s3.ap-south-1.amazonaws.com/Vijay/small/33.jpg",
"Bigimg": "https://mrlsiva.s3.ap-south-1.amazonaws.com/Vijay/big/33.jpg",
"Trailer": "",
"Producer": "K. Muralidharan | V. Swaminathan | G. Venugopal",
"Music": "Deva | Srikanth Deva ",
"Releasedate": "2002-11-03T18:30:00.000Z",
"Runningtime": "164 mins",
"Language": "Tamil",
"Cast": "Vijay |Reemma Sen | Ashish Vidyarthi | Vadivelu | Jai",
"Tamil_Lyrics_1": ""
},
{
"MovieID": 34,
"MovieName": "Vaseegara",
"Year": 2003,
"Role": "Bhupathy",
"Director": "K. Selva Bharathy",
"Smallimg": "https://mrlsiva.s3.ap-south-1.amazonaws.com/Vijay/small/34.jpg",
"Bigimg": "https://mrlsiva.s3.ap-south-1.amazonaws.com/Vijay/big/34.jpg",
"Trailer": "",
"Producer": "Shots N' Stills Ltd",
"Music": "S. A. Rajkumar",
"Releasedate": "2003-01-14T18:30:00.000Z",
"Runningtime": "176 mins",
"Language": "Tamil",
"Cast": "Vijay | Sneha | Gayatri Jayaraman",
"Tamil_Lyrics_1": ""
},
{
"MovieID": 35,
"MovieName": "Pudhiya Geethai",
"Year": 2003,
"Role": "Sarathi",
"Director": "K. P. Jagan",
"Smallimg": "https://mrlsiva.s3.ap-south-1.amazonaws.com/Vijay/small/35.jpg",
"Bigimg": "https://mrlsiva.s3.ap-south-1.amazonaws.com/Vijay/big/35.jpg",
"Trailer": "",
"Producer": "Viswaas Sundar",
"Music": "Yuvan Shankar Raja (Songs) | Karthik Raja (Background Score)",
"Releasedate": "2003-05-07T18:30:00.000Z",
"Runningtime": "",
"Language": "Tamil",
"Cast": "Vijay | Meera Jasmine | Ameesha Patel",
"Tamil_Lyrics_1": ""
},
{
"MovieID": 36,
"MovieName": "Thirumalai",
"Year": 2003,
"Role": "Thirumalai",
"Director": "Ramana",
"Smallimg": "https://mrlsiva.s3.ap-south-1.amazonaws.com/Vijay/small/36.jpg",
"Bigimg": "https://mrlsiva.s3.ap-south-1.amazonaws.com/Vijay/big/36.jpg",
"Trailer": "",
"Producer": "Pushpa Kandaswamy",
"Music": "Vidyasagar",
"Releasedate": "2003-10-23T18:30:00.000Z",
"Runningtime": "170 mins",
"Language": "Tamil",
"Cast": "Vijay | Jyothika | Vivek | Raghuvaran | Kausalya | Karunas",
"Tamil_Lyrics_1": ""
},
{
"MovieID": 37,
"MovieName": "Udhaya",
"Year": 2004,
"Role": "Udhayakumaran",
"Director": "Azhagam Perumal",
"Smallimg": "https://mrlsiva.s3.ap-south-1.amazonaws.com/Vijay/small/37.jpg",
"Bigimg": "https://mrlsiva.s3.ap-south-1.amazonaws.com/Vijay/big/37.jpg",
"Trailer": "",
"Producer": "Pyramid Natarajan",
"Music": "A. R. Rahman (Songs) | Pravin Mani (Background Score)",
"Releasedate": "2004-03-29T18:30:00.000Z",
"Runningtime": "122 mins",
"Language": "Tamil",
"Cast": "Vijay | Simran",
"Tamil_Lyrics_1": ""
},
{
"MovieID": 38,
"MovieName": "Ghilli",
"Year": 2004,
"Role": "Velu",
"Director": "Dharani",
"Smallimg": "https://mrlsiva.s3.ap-south-1.amazonaws.com/Vijay/small/38.jpg",
"Bigimg": "https://mrlsiva.s3.ap-south-1.amazonaws.com/Vijay/big/38.jpg",
"Trailer": "",
"Producer": "A. M. Rathnam",
"Music": "Vidyasagar",
"Releasedate": "2004-04-16T18:30:00.000Z",
"Runningtime": "168 mins",
"Language": "Tamil",
"Cast": "Vijay | Trisha | Prakash Raj",
"Tamil_Lyrics_1": ""
},
{
"MovieID": 39,
"MovieName": "Madhurey",
"Year": 2004,
"Role": "Maduravel",
"Director": "Ramana Madhesh",
"Smallimg": "https://mrlsiva.s3.ap-south-1.amazonaws.com/Vijay/small/39.jpg",
"Bigimg": "https://mrlsiva.s3.ap-south-1.amazonaws.com/Vijay/big/39.jpg",
"Trailer": "https://www.youtube.com/watch?v=0Au10pNMNAE",
"Producer": "Ramana Madhesh",
"Music": "Vidyasagar",
"Releasedate": "2004-08-28T18:30:00.000Z",
"Runningtime": "148 mins",
"Language": "Tamil",
"Cast": "Vijay | Sonia Agarwal | Rakshitha | Vadivelu | Pasupathy | Seetha | Tejashree",
"Tamil_Lyrics_1": ""
},
{
"MovieID": 40,
"MovieName": "Thirupaachi",
"Year": 2005,
"Role": "Sivagiri",
"Director": "Perarasu",
"Smallimg": "https://mrlsiva.s3.ap-south-1.amazonaws.com/Vijay/small/40.jpg",
"Bigimg": "https://mrlsiva.s3.ap-south-1.amazonaws.com/Vijay/big/40.jpg",
"Trailer": "",
"Producer": "R. B. Choudary",
"Music": "Dhina | Devi Sri Prasad (one song) | Mani Sharma (one song)",
"Releasedate": "2005-01-13T18:30:00.000Z",
"Runningtime": "178 mins",
"Language": "Tamil",
"Cast": "Vijay | Trisha | Mallika",
"Tamil_Lyrics_1": ""
},
{
"MovieID": 41,
"MovieName": "Sukran",
"Year": 2005,
"Role": "Sukran",
"Director": "S. A. Chandrasekhar",
"Smallimg": "https://mrlsiva.s3.ap-south-1.amazonaws.com/Vijay/small/41.jpg",
"Bigimg": "https://mrlsiva.s3.ap-south-1.amazonaws.com/Vijay/big/41.jpg",
"Trailer": "https://www.youtube.com/watch?v=QJmhpp1z8yA",
"Producer": "S. A. Chandrasekhar",
"Music": "Songs: Vijay Antony | Score: Pravin Mani",
"Releasedate": "2005-02-17T18:30:00.000Z",
"Runningtime": "144 mins",
"Language": "Tamil",
"Cast": "Vijay | Ravi Krishna | Anita Hassanandani",
"Tamil_Lyrics_1": ""
},
{
"MovieID": 42,
"MovieName": "Sachein",
"Year": 2005,
"Role": "Sachein",
"Director": "John Mahendran",
"Smallimg": "https://mrlsiva.s3.ap-south-1.amazonaws.com/Vijay/small/42.jpg",
"Bigimg": "https://mrlsiva.s3.ap-south-1.amazonaws.com/Vijay/big/42.jpg",
"Trailer": "https://www.youtube.com/watch?v=Bb-Mhdf-nvA",
"Producer": "Kalaipuli S. Thanu",
"Music": "Devi sri prasad",
"Releasedate": "2005-04-14T18:30:00.000Z",
"Runningtime": "154 mins",
"Language": "Tamil",
"Cast": "Vijay | Genelia | Bipasha Basu | Vadivelu | Santhanam",
"Tamil_Lyrics_1": ""
},
{
"MovieID": 43,
"MovieName": "Sivakasi",
"Year": 2005,
"Role": "Muthappa | Sivakasi",
"Director": "Perarasu",
"Smallimg": "https://mrlsiva.s3.ap-south-1.amazonaws.com/Vijay/small/43.jpg",
"Bigimg": "https://mrlsiva.s3.ap-south-1.amazonaws.com/Vijay/big/43.jpg",
"Trailer": "https://www.youtube.com/watch?v=ZckNCVguwNw",
"Producer": "A. M. Rathnam",
"Music": "Srikanth Deva (Songs) | Deva (Background Scores)",
"Releasedate": "2005-10-31T18:30:00.000Z",
"Runningtime": "175 mins",
"Language": "Tamil",
"Cast": "Vijay | Asin | Prakash Raj",
"Tamil_Lyrics_1": ""
},
{
"MovieID": 44,
"MovieName": "Aadhi",
"Year": 2006,
"Role": "Aadhi",
"Director": "Ramana",
"Smallimg": "https://mrlsiva.s3.ap-south-1.amazonaws.com/Vijay/small/44.jpg",
"Bigimg": "https://mrlsiva.s3.ap-south-1.amazonaws.com/Vijay/big/44.jpg",
"Trailer": "https://www.youtube.com/watch?v=TUkKJbX2H40",
"Producer": "S. A. Chandrasekhar | Shoba Chandrasekhar",
"Music": "Vidyasagar",
"Releasedate": "2006-01-13T18:30:00.000Z",
"Runningtime": "167 mins",
"Language": "Tamil",
"Cast": "Vijay | Trisha | Prakash Raj | Vivek | Sai Kumar | Adithya",
"Tamil_Lyrics_1": ""
},
{
"MovieID": 45,
"MovieName": "Pokkiri",
"Year": 2007,
"Role": "Sathyamoorthy | Thamizh",
"Director": "Prabhu Deva",
"Smallimg": "https://mrlsiva.s3.ap-south-1.amazonaws.com/Vijay/small/45.jpg",
"Bigimg": "https://mrlsiva.s3.ap-south-1.amazonaws.com/Vijay/big/45.jpg",
"Trailer": "https://www.youtube.com/watch?v=BRWghEaXQPE",
"Producer": "S.Sathyaramamoorthy",
"Music": "Mani Sharma",
"Releasedate": "2007-01-11T18:30:00.000Z",
"Runningtime": "165 mins ",
"Language": "Tamil",
"Cast": "Vijay | Asin | Prakash Raj | Napoleon | Mukesh Tiwari | Vadivelu | Nassar",
"Tamil_Lyrics_1": ""
},
{
"MovieID": 46,
"MovieName": "Azhagiya Tamil Magan",
"Year": 2007,
"Role": "Guru & Prasad",
"Director": "Bharathan",
"Smallimg": "https://mrlsiva.s3.ap-south-1.amazonaws.com/Vijay/small/46.jpg",
"Bigimg": "https://mrlsiva.s3.ap-south-1.amazonaws.com/Vijay/big/46.jpg",
"Trailer": "https://www.youtube.com/watch?v=Kg34OISUzlM",
"Producer": "Swargachitra Appachan",
"Music": "A. R. Rahman",
"Releasedate": "2007-11-07T18:30:00.000Z",
"Runningtime": "177 mins",
"Language": "Tamil",
"Cast": "Vijay | Shriya Saran | Namitha | Santhanam",
"Tamil_Lyrics_1": ""
},
{
"MovieID": 47,
"MovieName": "Kuruvi",
"Year": 2008,
"Role": "Vetrivel",
"Director": "Dharani",
"Smallimg": "https://mrlsiva.s3.ap-south-1.amazonaws.com/Vijay/small/47.jpg",
"Bigimg": "https://mrlsiva.s3.ap-south-1.amazonaws.com/Vijay/big/47.jpg",
"Trailer": "https://www.youtube.com/watch?v=Fj3b-JtsaFk",
"Producer": "Udhayanidhi Stalin",
"Music": "Vidyasagar",
"Releasedate": "2008-05-02T18:30:00.000Z",
"Runningtime": "172 mins",
"Language": "Tamil",
"Cast": "Vijay | Trisha | Suman | Vivek | Ashish Vidyarthi | Saranya Ponvannan",
"Tamil_Lyrics_1": ""
},
{
"MovieID": 48,
"MovieName": "Villu",
"Year": 2009,
"Role": "Pugazh | Saravanan",
"Director": "Prabhu Deva",
"Smallimg": "https://mrlsiva.s3.ap-south-1.amazonaws.com/Vijay/small/48.jpg",
"Bigimg": "https://mrlsiva.s3.ap-south-1.amazonaws.com/Vijay/big/48.jpg",
"Trailer": "https://www.youtube.com/watch?v=mTBh96ItRL0",
"Producer": "K. Karunamoorthy | C. Arunpandian",
"Music": "Devi Sri Prasad",
"Releasedate": "2009-01-11T18:30:00.000Z",
"Runningtime": "150 mins",
"Language": "Tamil",
"Cast": "Vijay | Nayanthara | Ranjitha | Prakash Raj | Vadivelu",
"Tamil_Lyrics_1": ""
},
{
"MovieID": 49,
"MovieName": "Vettaikaaran",
"Year": 2009,
"Role": "Ravi",
"Director": "B. Babusivan",
"Smallimg": "https://mrlsiva.s3.ap-south-1.amazonaws.com/Vijay/small/49.jpg",
"Bigimg": "https://mrlsiva.s3.ap-south-1.amazonaws.com/Vijay/big/49.jpg",
"Trailer": "https://www.youtube.com/watch?v=ynqskenhutM",
"Producer": "M. Balasubramanian | Gurunath Meiyappan",
"Music": "Vijay Antony",
"Releasedate": "2009-12-17T18:30:00.000Z",
"Runningtime": "166 mins",
"Language": "Tamil",
"Cast": "Vijay | Anushka | Sanchita Padukone | Salim Ghouse | Sathyan | Srihari",
"Tamil_Lyrics_1": ""
},
{
"MovieID": 50,
"MovieName": "Sura",
"Year": 2010,
"Role": "Sura",
"Director": "S. P. Rajkumar",
"Smallimg": "https://mrlsiva.s3.ap-south-1.amazonaws.com/Vijay/small/50.jpg",
"Bigimg": "https://mrlsiva.s3.ap-south-1.amazonaws.com/Vijay/big/50.jpg",
"Trailer": "https://www.youtube.com/watch?v=zzTm07D8e-M",
"Producer": "Sangili Murugan",
"Music": "Mani Sharma",
"Releasedate": "2010-04-29T18:30:00.000Z",
"Runningtime": "170 mins",
"Language": "Tamil",
"Cast": "Vijay | Tamannaah | Vadivelu | Dev Gill",
"Tamil_Lyrics_1": ""
},
{
"MovieID": 51,
"MovieName": "Kaavalan",
"Year": 2011,
"Role": "Bhoominathan",
"Director": "Siddique",
"Smallimg": "https://mrlsiva.s3.ap-south-1.amazonaws.com/Vijay/small/51.jpg",
"Bigimg": "https://mrlsiva.s3.ap-south-1.amazonaws.com/Vijay/big/51.jpg",
"Trailer": "https://www.youtube.com/watch?v=TxcbquUVvec",
"Producer": "C. Romesh Babu",
"Music": "Vidyasagar",
"Releasedate": "2011-01-14T18:30:00.000Z",
"Runningtime": "153 mins",
"Language": "Tamil",
"Cast": "Vijay | Asin | Mithra Kurian",
"Tamil_Lyrics_1": ""
},
{
"MovieID": 52,
"MovieName": "Velayudham",
"Year": 2011,
"Role": "Velayudham",
"Director": "Mohan Raja",
"Smallimg": "https://mrlsiva.s3.ap-south-1.amazonaws.com/Vijay/small/52.jpg",
"Bigimg": "https://mrlsiva.s3.ap-south-1.amazonaws.com/Vijay/big/52.jpg",
"Trailer": "https://www.youtube.com/watch?v=dELfiJiCei0",
"Producer": "V. Ravichandran",
"Music": "Vijay Antony",
"Releasedate": "2011-10-25T18:30:00.000Z",
"Runningtime": "186 mins",
"Language": "Tamil",
"Cast": "Vijay | Hansika | Saranya Mohan | Santhanam | Soori | Abhimanyu Singh | Vineet Kumar",
"Tamil_Lyrics_1": ""
},
{
"MovieID": 53,
"MovieName": "Nanban",
"Year": 2012,
"Role": "Kosaksi Pasapugazh | Panchavan Parivendan",
"Director": "S. Shankar",
"Smallimg": "https://mrlsiva.s3.ap-south-1.amazonaws.com/Vijay/small/53.jpg",
"Bigimg": "https://mrlsiva.s3.ap-south-1.amazonaws.com/Vijay/big/53.jpg",
"Trailer": "https://www.youtube.com/watch?v=i9lhWe3Yt8c",
"Producer": "Manohar Prasad | Ravi Shankar Prasad",
"Music": "Harris Jayaraj",
"Releasedate": "2012-01-11T18:30:00.000Z",
"Runningtime": "188 mins",
"Language": "Tamil",
"Cast": "Vijay | Jiiva | Srikanth | Ileana D'Cruz | Sathyaraj | Sathyan",
"Tamil_Lyrics_1": ""
},
{
"MovieID": 54,
"MovieName": "Thuppakki",
"Year": 2012,
"Role": "Jagadish Dhanapal",
"Director": "AR Murugadoss",
"Smallimg": "https://mrlsiva.s3.ap-south-1.amazonaws.com/Vijay/small/54.jpg",
"Bigimg": "https://mrlsiva.s3.ap-south-1.amazonaws.com/Vijay/big/54.jpg",
"Trailer": "https://www.youtube.com/watch?v=s0O44Sn1hD4",
"Producer": "S. Thanu",
"Music": "Harris Jayaraj",
"Releasedate": "2012-11-12T18:30:00.000Z",
"Runningtime": "170 mins",
"Language": "Tamil",
"Cast": "Vijay | Kajal Aggarwal | Sathyan | Vidyut Jammwal | Jayaram",
"Tamil_Lyrics_1": ""
},
{
"MovieID": 55,
"MovieName": "Thalaivaa",
"Year": 2013,
"Role": "Vishwa",
"Director": "A. L. Vijay",
"Smallimg": "https://mrlsiva.s3.ap-south-1.amazonaws.com/Vijay/small/55.jpg",
"Bigimg": "https://mrlsiva.s3.ap-south-1.amazonaws.com/Vijay/big/55.jpg",
"Trailer": "https://www.youtube.com/watch?v=4hYS1PoM4XM",
"Producer": "S. Chandraprakash Jain",
"Music": "G. V. Prakash Kumar",
"Releasedate": "9 August 2013 (Worldwide except Tamil Nadu)  | August 2013 ( Tamilnadu)",
"Runningtime": "180 mins",
"Language": "Tamil",
"Cast": "Vijay | Amala Paul | Ragini Nandwani | Sathyaraj | Abhimanyu Singh | Santhanam",
"Tamil_Lyrics_1": ""
},
{
"MovieID": 56,
"MovieName": "Jilla",
"Year": 2014,
"Role": "Shakthi",
"Director": "R. T. Neason",
"Smallimg": "https://mrlsiva.s3.ap-south-1.amazonaws.com/Vijay/small/56.jpg",
"Bigimg": "https://mrlsiva.s3.ap-south-1.amazonaws.com/Vijay/big/56.jpg",
"Trailer": "https://www.youtube.com/watch?v=VyectFJCP_s",
"Producer": "R. T. Neason",
"Music": "D. Imman",
"Releasedate": "2014-01-09T18:30:00.000Z",
"Runningtime": "182 mins",
"Language": "Tamil",
"Cast": "Mohanlal | Vijay | Kajal Aggarwal",
"Tamil_Lyrics_1": ""
},
{
"MovieID": 57,
"MovieName": "Kaththi",
"Year": 2014,
"Role": "Kathiresan & Jeevanandham",
"Director": "AR Murugadoss",
"Smallimg": "https://mrlsiva.s3.ap-south-1.amazonaws.com/Vijay/small/57.jpg",
"Bigimg": "https://mrlsiva.s3.ap-south-1.amazonaws.com/Vijay/big/57.jpg",
"Trailer": "https://www.youtube.com/watch?v=bMf0IyzyKt4",
"Producer": "Allirajah Subashkaran |K. Karunamoorthi",
"Music": "Anirudh Ravichander",
"Releasedate": "2014-10-21T18:30:00.000Z",
"Runningtime": "161 minutes",
"Language": "Tamil",
"Cast": "Vijay | Samantha Ruth Prabhu | Neil Nitin Mukesh | Tota Roy Chowdhury | Sathish",
"Tamil_Lyrics_1": ""
},
{
"MovieID": 58,
"MovieName": "Puli",
"Year": 2015,
"Role": "Marudheeran & Pulivendhan",
"Director": "Chimbu Deven",
"Smallimg": "https://mrlsiva.s3.ap-south-1.amazonaws.com/Vijay/small/58.jpg",
"Bigimg": "https://mrlsiva.s3.ap-south-1.amazonaws.com/Vijay/big/58.jpg",
"Trailer": "https://www.youtube.com/watch?v=U9kCY9psgOc",
"Producer": "Shibu Thameens | P. T. Selvakumar",
"Music": "Devi Sri Prasad",
"Releasedate": "2015-09-30T18:30:00.000Z",
"Runningtime": "154 minutes",
"Language": "Tamil",
"Cast": "Vijay | Sridevi | Sudeep | Shruti Haasan |Hansika Motwani",
"Tamil_Lyrics_1": ""
},
{
"MovieID": 59,
"MovieName": "Theri",
"Year": 2016,
"Role": "Vijay Kumar | Joseph Kuruvilla | Dharmeshwar",
"Director": "Atlee",
"Smallimg": "https://mrlsiva.s3.ap-south-1.amazonaws.com/Vijay/small/59.jpg",
"Bigimg": "https://mrlsiva.s3.ap-south-1.amazonaws.com/Vijay/big/59.jpg",
"Trailer": "https://www.youtube.com/watch?v=ZK4uGLpkAKk",
"Producer": "Kalaipuli S. Thanu",
"Music": "G. V. Prakash Kumar",
"Releasedate": "2016-04-13T18:30:00.000Z",
"Runningtime": "158 minutes",
"Language": "Tamil",
"Cast": "Vijay | Samantha Ruth Prabhu | Amy Jackson",
"Tamil_Lyrics_1": ""
},
{
"MovieID": 60,
"MovieName": "Bairavaa",
"Year": 2017,
"Role": "Bairavaa",
"Director": "Bharathan",
"Smallimg": "https://mrlsiva.s3.ap-south-1.amazonaws.com/Vijay/small/60.jpg",
"Bigimg": "https://mrlsiva.s3.ap-south-1.amazonaws.com/Vijay/big/60.jpg",
"Trailer": "https://www.youtube.com/watch?v=bhTN4PDm6fc",
"Producer": "B. Venkatarama Reddy",
"Music": "Santhosh Narayanan",
"Releasedate": "12 January 2017[",
"Runningtime": "169 minutes",
"Language": "Tamil",
"Cast": "Vijay | Keerthy Suresh | Jagapathi Babu | Daniel Balaji | Sathish | Thambi Ramaiah | Mime Gopi | Sija Rose | Harish Uthaman | Aparna Vinod",
"Tamil_Lyrics_1": ""
},
{
"MovieID": 61,
"MovieName": "Mersal",
"Year": 2017,
"Role": "Vetri, Maaran, & Vetrimaaran",
"Director": "Atlee",
"Smallimg": "https://mrlsiva.s3.ap-south-1.amazonaws.com/Vijay/small/61.jpg",
"Bigimg": "https://mrlsiva.s3.ap-south-1.amazonaws.com/Vijay/big/61.jpg",
"Trailer": "https://www.youtube.com/watch?v=gQDo5QuZTaw",
"Producer": "N. Ramasamy | Hema Rukmani | H. Murali",
"Music": "A. R. Rahman",
"Releasedate": "2017-10-17T18:30:00.000Z",
"Runningtime": "169 minutes",
"Language": "Tamil",
"Cast": "Vijay | Kajal Aggarwal | Samantha | Nithya Menen | S. J. Surya | Vadivelu | Sathyaraj",
"Tamil_Lyrics_1": ""
},
{
"MovieID": 62,
"MovieName": "Sarkar",
"Year": 2018,
"Role": "Sundar",
"Director": "AR Murugadoss",
"Smallimg": "https://mrlsiva.s3.ap-south-1.amazonaws.com/Vijay/small/62.jpg",
"Bigimg": "https://mrlsiva.s3.ap-south-1.amazonaws.com/Vijay/big/62.jpg",
"Trailer": "https://www.youtube.com/watch?v=VkkyaodksT4&t=5s",
"Producer": "Kalanithi Maran",
"Music": "A. R. Rahman",
"Releasedate": "2018-11-05T18:30:00.000Z",
"Runningtime": "164 minutes",
"Language": "Tamil",
"Cast": "Vijay | Varalaxmi Sarathkumar | Keerthy Suresh | Radha Ravi",
"Tamil_Lyrics_1": ""
},
{
"MovieID": 63,
"MovieName": "Bigil",
"Year": 2019,
"Role": "Bigil | Michael | Rayappan",
"Director": "Atlee",
"Smallimg": "https://mrlsiva.s3.ap-south-1.amazonaws.com/Vijay/small/63.jpg",
"Bigimg": "https://mrlsiva.s3.ap-south-1.amazonaws.com/Vijay/big/63.jpg",
"Trailer": "https://www.youtube.com/watch?v=GR-Ui8-V2M0",
"Producer": "Kalpathi S. Aghoram | Kalpathi S. Ganesh | Kalpathi S. Suresh",
"Music": "A. R. Rahman",
"Releasedate": "2019-10-24T18:30:00.000Z",
"Runningtime": "178 minutes",
"Language": "Tamil",
"Cast": "Vijay | Nayanthara | Jackie Shroff | Kathir | Vivek",
"Tamil_Lyrics_1": ""
},
{
"MovieID": 64,
"MovieName": "Master",
"Year": 2020,
"Role": "",
"Director": "Lokesh",
"Smallimg": "https://mrlsiva.s3.ap-south-1.amazonaws.com/Vijay/small/64.jpg",
"Bigimg": "https://mrlsiva.s3.ap-south-1.amazonaws.com/Vijay/big/64.jpg",
"Trailer": "",
"Producer": "Xavier Britto",
"Music": "Anirudh Ravichander",
"Releasedate": "",
"Runningtime": "",
"Language": "Tamil",
"Cast": "Vijay | Vijay Sethupathi",
"Tamil_Lyrics_1": ""
}
]
}